﻿<?xml version="1.0" encoding="utf-8"?>
<publishData>
  <publishProfile publishUrl="C:\Users\agar.galea\Desktop\FTP\GMAP" deleteExistingFiles="False" ftpAnonymousLogin="False" ftpPassiveMode="True" msdeploySite="" msdeploySiteID="" msdeployRemoteSitePhysicalPath="" msdeployAllowUntrustedCertificate="False" msdeploySkipExtraFilesOnServer="True" msdeployMarkAsApp="False" profileName="Profile1" publishMethod="FileSystem" replaceMatchingFiles="True" userName="" savePWD="False" userPWD="" SelectedForPublish="True">
    <file relUrl="Scripts/BusquedaDepartamentos/scripts_BusquedaDepartamentos.js" publishTime="10/15/2012 13:59:16" />
    <file relUrl="bin/Microsoft.Practices.EnterpriseLibrary.Logging.dll" publishTime="09/05/2012 13:24:28" />
    <file relUrl="UI/Funcional/EditarCesion.aspx" publishTime="06/04/2013 10:36:10" />
    <file relUrl="UI/Funcional/GestionDeMedios.aspx" publishTime="05/29/2013 17:02:50" />
    <file relUrl="Images/Botones/Aceptar.png" publishTime="09/05/2012 13:24:26" />
    <file relUrl="Images/Botones/MenuBackgroundRightOver.png" publishTime="09/05/2012 13:24:26" />
    <file relUrl="UI/Funcional/GestionAlertas.aspx" publishTime="06/05/2013 16:50:48" />
    <file relUrl="Styles/jq-ui-mercedes/images/ui-bg_glass_65_ffffff_1x400.png" publishTime="09/05/2012 13:24:28" />
    <file relUrl="Scripts/GestionPersonas/scripts_GestionPersonas.js" publishTime="02/06/2013 16:10:18" />
    <file relUrl="Images/Botones/11pt_edit_white.png" publishTime="09/05/2012 13:24:26" />
    <file relUrl="bin/ASB.GMAP.Web.dll" publishTime="11/16/2016 16:37:09" />
    <file relUrl="bin/ASB.GMAP.Bll.dll" publishTime="11/16/2016 16:37:03" />
    <file relUrl="bin/Images/Botones/BuscarOver.png" publishTime="09/05/2012 13:24:26" />
    <file relUrl="UI/Informes/InformeAvanzadoPersonas.aspx" publishTime="05/31/2013 10:38:54" />
    <file relUrl="Images/error-msg.png" publishTime="09/05/2012 13:24:26" />
    <file relUrl="Images/calendar.ico" publishTime="10/10/2012 12:07:42" />
    <file relUrl="Scripts/GestionAlertas/scripts_GestionAlertas.js" publishTime="10/17/2012 08:48:44" />
    <file relUrl="UI/Administracion/GestionPerfiles.aspx" publishTime="05/08/2013 16:51:04" />
    <file relUrl="Images/info-msg.png" publishTime="09/05/2012 13:24:26" />
    <file relUrl="Scripts/jquery.contextMenu-custom.js" publishTime="09/05/2012 13:24:28" />
    <file relUrl="Scripts/GestionDepartamentos/scripts_ GestionDepartamentos.js" publishTime="12/12/2012 16:20:32" />
    <file relUrl="Images/warning-msg.png" publishTime="09/05/2012 13:24:26" />
    <file relUrl="Images/Botones/11pt_Search.png" publishTime="09/05/2012 13:24:26" />
    <file relUrl="UI/Funcional/BusquedaPersonas.aspx" publishTime="05/21/2013 10:28:44" />
    <file relUrl="Images/Botones/GuardarOver.png" publishTime="09/05/2012 13:24:26" />
    <file relUrl="Images/Botones/CancelarOver.png" publishTime="09/05/2012 13:24:26" />
    <file relUrl="App_Data/GmapDB.mdf" publishTime="06/11/2013 15:26:08" />
    <file relUrl="Scripts/jquery-1.7.2.min.js" publishTime="09/05/2012 13:24:28" />
    <file relUrl="Scripts/CesionMedioDisponible/scripts_CesionMedioDisponible.js" publishTime="12/12/2012 11:39:32" />
    <file relUrl="Scripts/BusquedaPersonas/scripts_BusquedaPersonas.js" publishTime="10/15/2012 13:54:26" />
    <file relUrl="Scripts/TiposDeMedios/scripts_TiposDeMedios.js" publishTime="01/18/2013 08:22:34" />
    <file relUrl="UI/Funcional/EditarMedio.aspx" publishTime="01/18/2013 12:43:46" />
    <file relUrl="bin/AjaxControlToolkit.dll" publishTime="05/01/2012 07:52:20" />
    <file relUrl="UI/Funcional/GestionPersonas.aspx" publishTime="05/31/2013 08:36:40" />
    <file relUrl="Scripts/CesionMedioNuevo/scripts_CesionMedioNuevo.js" publishTime="12/12/2012 11:45:36" />
    <file relUrl="Acciones/Acciones.xml" publishTime="06/05/2013 11:52:16" />
    <file relUrl="Images/Botones/IniciarSesion.png" publishTime="09/05/2012 13:24:26" />
    <file relUrl="Images/Botones/11pt_Search_white.png" publishTime="09/05/2012 13:24:26" />
    <file relUrl="Images/Botones/menu_arriba_fondo.png" publishTime="09/05/2012 13:24:26" />
    <file relUrl="Images/Botones/Buscar.png" publishTime="09/05/2012 13:24:26" />
    <file relUrl="MasterPages/MasterMain.Master" publishTime="11/16/2016 14:56:43" />
    <file relUrl="Styles/jq-ui-mercedes/images/cabecera_popup.jpg" publishTime="09/05/2012 13:24:28" />
    <file relUrl="Styles/jq-ui-mercedes/images/ui-bg_highlight-soft_75_cccccc_1x100.png" publishTime="09/05/2012 13:24:28" />
    <file relUrl="Images/Botones/next.png" publishTime="09/05/2012 13:24:26" />
    <file relUrl="Images/Botones/10pt_plus.png" publishTime="09/05/2012 13:24:26" />
    <file relUrl="Scripts/GestionDeMedios/scripts_GestionDeMedios.js" publishTime="06/06/2013 10:12:22" />
    <file relUrl="Styles/jq-ui-mercedes/images/ui-icons_222222_256x240.png" publishTime="09/05/2012 13:24:28" />
    <file relUrl="Images/Botones/11pt_edit_over.png" publishTime="09/05/2012 13:24:26" />
    <file relUrl="Images/Botones/menu_izq_on.jpg" publishTime="09/05/2012 13:24:26" />
    <file relUrl="Styles/Site.css" publishTime="02/06/2013 16:09:52" />
    <file relUrl="Images/Botones/next_over.png" publishTime="09/05/2012 13:24:26" />
    <file relUrl="Styles/Master.css" publishTime="02/06/2013 16:23:44" />
    <file relUrl="bin/Microsoft.Practices.EnterpriseLibrary.Common.dll" publishTime="09/05/2012 13:24:28" />
    <file relUrl="bin/Microsoft.Practices.ServiceLocation.dll" publishTime="04/16/2010 14:16:58" />
    <file relUrl="Images/ajax-loader.gif" publishTime="02/06/2013 16:38:56" />
    <file relUrl="Images/Botones/10pt_plus_over.png" publishTime="09/05/2012 13:24:26" />
    <file relUrl="Images/Botones/menu_arriba_izq.png" publishTime="09/05/2012 13:24:26" />
    <file relUrl="Images/Botones/down.png" publishTime="09/05/2012 13:24:26" />
    <file relUrl="Scripts/InformeCuantalis/scripts_InformeCuantalis.js" publishTime="10/30/2012 12:39:58" />
    <file relUrl="Images/Botones/menu_izq_on_over.jpg" publishTime="09/05/2012 13:24:26" />
    <file relUrl="bin/ASB.GMAP.Web.XmlSerializers.dll" publishTime="11/16/2016 16:37:10" />
    <file relUrl="bin/DocumentFormat.OpenXml.dll" publishTime="02/22/2010 14:33:08" />
    <file relUrl="Global.asax" publishTime="09/26/2012 16:05:20" />
    <file relUrl="Scripts/GestionMarcasModelos/scripts_GestionMarcasModelos.js" publishTime="06/04/2013 11:17:58" />
    <file relUrl="Images/Botones/11pt_delete_white.png" publishTime="09/05/2012 13:24:26" />
    <file relUrl="Images/Botones/Cancelar.png" publishTime="09/05/2012 13:24:26" />
    <file relUrl="bin/Microsoft.Practices.EnterpriseLibrary.Data.dll" publishTime="09/05/2012 13:24:26" />
    <file relUrl="Styles/jq-ui-mercedes/images/ui-bg_glass_75_dadada_1x400.png" publishTime="09/05/2012 13:24:28" />
    <file relUrl="Web.config" publishTime="11/16/2016 16:37:42" />
    <file relUrl="bin/Microsoft.Practices.Unity.dll" publishTime="04/16/2010 13:42:32" />
    <file relUrl="UI/Funcional/MedioNuevo.aspx" publishTime="01/18/2013 11:02:58" />
    <file relUrl="Images/Botones/Guardar.png" publishTime="09/05/2012 13:24:26" />
    <file relUrl="bin/ASB.GMAP.Web.pdb" publishTime="11/16/2016 16:37:08" />
    <file relUrl="Images/Botones/MenuBackgroundRightLeft.png" publishTime="09/05/2012 13:24:26" />
    <file relUrl="Images/Botones/IniciarSesionOver.png" publishTime="09/05/2012 13:24:26" />
    <file relUrl="Styles/jq-ui-mercedes/jquery-ui-1.8.21.custom.css" publishTime="09/05/2012 13:24:28" />
    <file relUrl="Images/Botones/down_over.png" publishTime="09/05/2012 13:24:26" />
    <file relUrl="Images/Botones/11pt_delete.png" publishTime="09/05/2012 13:24:26" />
    <file relUrl="UI/Informes/InformeAvanzadoDepartamentos.aspx" publishTime="05/31/2013 09:16:20" />
    <file relUrl="Images/Botones/excel_on.gif" publishTime="09/05/2012 13:24:26" />
    <file relUrl="Images/Botones/menu_izq_plano.jpg" publishTime="09/05/2012 13:24:26" />
    <file relUrl="Lib/MB.Framework.Combo.dll" publishTime="03/13/2013 12:50:40" />
    <file relUrl="Images/Botones/VolverOn.png" publishTime="09/05/2012 13:24:26" />
    <file relUrl="bin/MB.Framework.Combo.dll" publishTime="03/13/2013 12:50:40" />
    <file relUrl="bin/ASB.GMAP.Ent.pdb" publishTime="11/16/2016 16:37:01" />
    <file relUrl="bin/ASB.GMAP.Dal.pdb" publishTime="11/16/2016 16:37:02" />
    <file relUrl="Styles/jq-ui-mercedes/images/ui-icons_2e83ff_256x240.png" publishTime="09/05/2012 13:24:28" />
    <file relUrl="App_Data/GmapDB_log.ldf" publishTime="06/11/2013 15:26:10" />
    <file relUrl="bin/Images/Botones/IniciarSesion.png" publishTime="09/05/2012 13:24:26" />
    <file relUrl="Styles/Controles.css" publishTime="05/20/2013 15:53:02" />
    <file relUrl="Images/DESC.gif" publishTime="12/05/2012 08:20:50" />
    <file relUrl="Images/Botones/menu_lateral.jpg" publishTime="09/05/2012 13:24:26" />
    <file relUrl="Styles/jq-ui-mercedes/jquery.contextMenu.css" publishTime="09/05/2012 13:24:28" />
    <file relUrl="UI/Funcional/GestionDepartamentos.aspx" publishTime="05/21/2013 10:00:34" />
    <file relUrl="Default.aspx" publishTime="09/27/2012 09:23:28" />
    <file relUrl="Images/blue-Arrow-Bullet_16.png" publishTime="09/05/2012 13:24:26" />
    <file relUrl="bin/ASB.GMAP.Bll.pdb" publishTime="11/16/2016 16:37:03" />
    <file relUrl="Scripts/jquery-ui-1.8.21.custom.min.js" publishTime="09/05/2012 13:24:28" />
    <file relUrl="Images/Botones/last.png" publishTime="09/05/2012 13:24:26" />
    <file relUrl="bin/Images/Botones/Buscar.png" publishTime="09/05/2012 13:24:26" />
    <file relUrl="Scripts/EditarMedio/scripts_EditarMedio.js" publishTime="10/31/2012 16:24:16" />
    <file relUrl="UI/Administracion/GestionMarcasModelos.aspx" publishTime="05/20/2013 16:24:56" />
    <file relUrl="Scripts/EditarCesion/scripts_EditarCesion.js" publishTime="02/05/2013 08:46:38" />
    <file relUrl="Images/Botones/first_over.png" publishTime="09/05/2012 13:24:26" />
    <file relUrl="Images/Botones/MenuBackgroundLeftOver.png" publishTime="09/05/2012 13:24:26" />
    <file relUrl="UI/Administracion/TiposDeMedios.aspx" publishTime="05/21/2013 10:33:58" />
    <file relUrl="Images/Botones/excel_off.gif" publishTime="09/05/2012 13:24:26" />
    <file relUrl="UI/Funcional/CesionMedioDisponible.aspx" publishTime="06/04/2013 10:38:54" />
    <file relUrl="Scripts/jquery-1.7.2.js" publishTime="09/05/2012 13:24:28" />
    <file relUrl="bin/MB.Framework.ManejadorMensajes.dll" publishTime="12/06/2012 10:32:18" />
    <file relUrl="Images/Botones/last_over.png" publishTime="09/05/2012 13:24:26" />
    <file relUrl="Images/Botones/AceptarOver.png" publishTime="09/05/2012 13:24:26" />
    <file relUrl="UI/Funcional/BusquedaDepartamentos.aspx" publishTime="05/21/2013 10:28:18" />
    <file relUrl="Images/Botones/11pt_Search_over.png" publishTime="09/05/2012 13:24:26" />
    <file relUrl="Images/Botones/menu_izq_over.jpg" publishTime="09/05/2012 13:24:26" />
    <file relUrl="Images/error.png" publishTime="09/05/2012 13:24:26" />
    <file relUrl="bin/MB.Framework.Log.dll" publishTime="09/05/2012 13:24:28" />
    <file relUrl="Styles/jq-ui-mercedes/images/ui-icons_cd0a0a_256x240.png" publishTime="09/05/2012 13:24:28" />
    <file relUrl="Images/Botones/11pt_edit.png" publishTime="09/05/2012 13:24:26" />
    <file relUrl="Lib/MB.Framework.Log.dll" publishTime="09/05/2012 13:24:28" />
    <file relUrl="UI/Funcional/FinalizarCesion.aspx" publishTime="05/14/2013 17:24:02" />
    <file relUrl="Images/Botones/Volver.png" publishTime="09/05/2012 13:24:26" />
    <file relUrl="UI/Informes/InformeCuantalis.aspx" publishTime="02/12/2013 13:59:46" />
    <file relUrl="bin/Microsoft.Practices.Unity.Interception.dll" publishTime="04/16/2010 13:42:32" />
    <file relUrl="bin/ASB.GMAP.Dal.dll" publishTime="11/16/2016 16:37:02" />
    <file relUrl="Styles/jq-ui-mercedes/images/ui-bg_flat_0_aaaaaa_40x100.png" publishTime="09/05/2012 13:24:28" />
    <file relUrl="bin/MB.Framework.Combo.pdb" publishTime="11/13/2012 18:23:14" />
    <file relUrl="Images/ASC.gif" publishTime="12/05/2012 08:11:50" />
    <file relUrl="Images/Botones/VolverOver.png" publishTime="09/05/2012 13:24:26" />
    <file relUrl="Styles/jq-ui-mercedes/images/ui-bg_glass_55_fbf9ee_1x400.png" publishTime="09/05/2012 13:24:28" />
    <file relUrl="Images/Favicon.ico" publishTime="09/05/2012 13:24:26" />
    <file relUrl="Images/Botones/11pt_delete_over.png" publishTime="09/05/2012 13:24:26" />
    <file relUrl="bin/MB.Framework.ManejadorMensajes.pdb" publishTime="12/06/2012 10:32:18" />
    <file relUrl="Images/Botones/MenuBackgroundOver.png" publishTime="09/05/2012 13:24:26" />
    <file relUrl="Images/Botones/first.png" publishTime="09/05/2012 13:24:26" />
    <file relUrl="Images/fondo_default_2.jpg" publishTime="09/05/2012 13:24:26" />
    <file relUrl="Login.aspx" publishTime="11/14/2016 10:21:19" />
    <file relUrl="Styles/jq-ui-mercedes/images/ui-icons_454545_256x240.png" publishTime="09/05/2012 13:24:28" />
    <file relUrl="Styles/jq-ui-mercedes/images/ui-bg_glass_75_e6e6e6_1x400.png" publishTime="09/05/2012 13:24:28" />
    <file relUrl="Lib/MB.Framework.ManejadorMensajes.dll" publishTime="12/06/2012 10:32:18" />
    <file relUrl="Images/Botones/menu_izq.jpg" publishTime="09/05/2012 13:24:26" />
    <file relUrl="Styles/jq-ui-mercedes/images/ui-icons_888888_256x240.png" publishTime="09/05/2012 13:24:28" />
    <file relUrl="Scripts/GestionAccesos/scripts_GestionAccesos.js" publishTime="10/08/2012 13:39:24" />
    <file relUrl="Styles/jq-ui-mercedes/images/ui-bg_flat_75_ffffff_40x100.png" publishTime="09/05/2012 13:24:28" />
    <file relUrl="UI/Funcional/MisCesiones.aspx" publishTime="05/31/2013 12:08:54" />
    <file relUrl="Styles/jq-ui-mercedes/images/ui-bg_glass_95_fef1ec_1x400.png" publishTime="09/05/2012 13:24:28" />
    <file relUrl="Images/Botones/BuscarOver.png" publishTime="09/05/2012 13:24:26" />
    <file relUrl="Images/Botones/prev_over.png" publishTime="09/05/2012 13:24:26" />
    <file relUrl="bin/ASB.GMAP.Ent.dll" publishTime="11/16/2016 16:37:01" />
    <file relUrl="Images/LogoMBE1.png" publishTime="09/05/2012 13:24:26" />
    <file relUrl="Images/Botones/prev.png" publishTime="09/05/2012 13:24:26" />
  </publishProfile>
</publishData>