<paginas>
    <GestionAlertas>
        <accion nombre="Listar" id="4">
            <boton id="btnExcelPersonas" />
            <boton id="btnExcelDepartamentos" /> 
        </accion>
        <accion nombre="Eliminar" id="2">
            <boton id="btnFinalizarCesionEmpleado" />
            <boton id="btnFinalizarCesionDepartamento" />
        </accion>
        <accion nombre="Modificar" id="3">
          <boton id="btnEditarPersona" />
          <boton id="btnEditarDeptartamento" />
        </accion>
    </GestionAlertas>
    <GestionDeMedios>
        <accion nombre="Listar" id="4">
            <boton id="btnExcelMedios" />
        </accion>
        <accion nombre="Crear" id="1">
            <boton id="btnCrearCesion" />
        </accion>
        <accion nombre="Modificar" id="3">
            <boton id="btnEditarMedio" />
            <boton id="btnEditarCesión" />
        </accion>
        <accion nombre="Eliminar" id="2">
            <boton id="btnEliminarMedio" />
            <boton id="btnEliminarCesion" />
        </accion>
    </GestionDeMedios>
    <GestionDepartamentos>
        <accion nombre="Listar" id="4">
            <boton id="btnExcel" />
        </accion>
        <accion nombre="Crear" id="1">
            <boton id="btnAnadirCesion" />
        </accion>
        <accion nombre="Modificar" id="3">
            <boton id="btnEditarMedio" />
            <boton id="btnEditarCesion" />
        </accion>
        <accion nombre="Eliminar" id="2">
            <boton id="btnFinalizarCesion" />
        </accion>
    </GestionDepartamentos>
    <GestionPersonas>
        <accion nombre="Listar" id="4">
            <boton id="btnExcel" />
        </accion>
        <accion nombre="Generar Carta" id="5">
            <boton id="btnCarta" />
        </accion>
        <accion nombre="Crear" id="1">
            <boton id="btnAnadirCesion" />
        </accion>
        <accion nombre="Modificar" id="3">
            <boton id="btnEditarMedio" />
            <boton id="btnEditarCesion" />
        </accion>
        <accion nombre="Eliminar" id="2">
            <boton id="btnFinalizarCesion" />
        </accion>
    </GestionPersonas>
    <MisCesiones>
        <accion nombre="Listar" id="4">
            <boton id="btnExcelMisCesiones" />
        </accion>
    </MisCesiones>
    <InformeAvanzadoDepartamentos>
        <accion nombre="Listar" id="4">
            <boton id="btnDescargarExcel" />
        </accion>
    </InformeAvanzadoDepartamentos>
    <InformeAvanzadoPersonas>
        <accion nombre="Listar" id="4">
            <boton id="btnDescargarExcel" />
        </accion>
    </InformeAvanzadoPersonas>
    <InformeCuantalis>
        <accion nombre="Listar" id="4">
            <boton id="btnInforme" />
        </accion>
    </InformeCuantalis>
</paginas>